<application>
  <component name="VimSettings">
    <state version="4" enabled="true" />
    <globalmarks />
    <filemarks>
      <file name="J:/hcl/mining/api/vendor/watson/rememberable/src/Rememberable.php" timestamp="1568871417821" />
      <file name="J:/hcl/mining/api/vendor/laravel/telescope/src/Storage/factories/EntryModelFactory.php" timestamp="1568884663357" />
      <file name="J:/hcl/mining/api/app/Http/Middleware/EnvLocal.php" timestamp="1568879107748">
        <mark key="[" line="25" column="18" />
        <mark key="]" line="25" column="20" />
        <mark key="." line="25" column="20" />
        <mark key="^" line="25" column="20" />
      </file>
      <file name="J:/hcl/mining/api/resources/views/vendor/l5-swagger/index.blade.php" timestamp="1568889548987" />
      <file name="J:/hcl/mining/api/app/Http/Controllers/Auth/AuthController.php" timestamp="1568892675079">
        <mark key="[" line="56" column="36" />
        <mark key="]" line="56" column="35" />
        <mark key="^" line="56" column="35" />
        <mark key="." line="56" column="35" />
      </file>
      <file name="J:/hcl/mining/api/vendor/watson/rememberable/src/Query/Builder.php" timestamp="1568871501089" />
      <file name="J:/hcl/mining/api/composer.json" timestamp="1568887992083">
        <mark key="[" line="16" column="0" />
        <mark key="]" line="16" column="0" />
        <mark key="." line="16" column="0" />
      </file>
      <file name="J:/hcl/mining/api/app/Models/BaseModel.php" timestamp="1568871421159">
        <mark key="[" line="13" column="77" />
        <mark key="]" line="14" column="18" />
        <mark key="." line="14" column="18" />
        <mark key="^" line="14" column="18" />
      </file>
      <file name="J:/hcl/mining/api/app/Http/Controllers/TestingController.php" timestamp="1568886158050">
        <mark key="[" line="56" column="0" />
        <mark key="]" line="56" column="0" />
        <mark key="." line="56" column="0" />
        <mark key="^" line="60" column="3" />
      </file>
      <file name="J:/hcl/mining/api/app/Http/Controllers/UserController.php" timestamp="1568881763822">
        <mark key="[" line="16" column="23" />
        <mark key="]" line="16" column="25" />
        <mark key="^" line="16" column="25" />
        <mark key="." line="16" column="25" />
      </file>
      <file name="J:/hcl/mining/api/app/Http/Kernel.php" timestamp="1568878953726">
        <mark key="[" line="71" column="19" />
        <mark key="]" line="71" column="38" />
        <mark key="." line="71" column="38" />
        <mark key="^" line="71" column="38" />
      </file>
      <file name="J:/hcl/mining/api/database/migrations/2019_09_19_171219_create_articles_table.php" timestamp="1568884386312" />
      <file name="J:/hcl/mining/api/app/Http/Middleware/CheckForMaintenanceMode.php" timestamp="1568874923633" />
      <file name="J:/hcl/mining/api/app/docs/api.php" timestamp="1568881937108">
        <mark key="[" line="11" column="20" />
        <mark key="]" line="11" column="50" />
        <mark key="." line="11" column="50" />
        <mark key="^" line="11" column="50" />
      </file>
      <file name="J:/hcl/mining/api/routes/api.php" timestamp="1568878898544">
        <mark key="[" line="120" column="0" />
        <mark key="]" line="120" column="0" />
        <mark key="^" line="120" column="30" />
        <mark key="." line="120" column="0" />
      </file>
      <file name="J:/hcl/mining/api/app/Http/Middleware/ApiSignature.php" timestamp="1568872264327">
        <mark key="[" line="40" column="0" />
        <mark key="]" line="40" column="0" />
        <mark key="." line="40" column="0" />
        <mark key="^" line="61" column="33" />
      </file>
      <file name="J:/hcl/mining/api/app/docs/security.php" timestamp="1568881481242">
        <mark key="[" line="6" column="0" />
        <mark key="]" line="6" column="0" />
        <mark key="." line="6" column="0" />
      </file>
      <file name="J:/hcl/mining/api/storage/logs/laravel-2019-09-19.log" timestamp="1568871718845">
        <mark key="[" line="0" column="0" />
        <mark key="]" line="0" column="0" />
        <mark key="." line="0" column="0" />
      </file>
      <file name="J:/hcl/mining/api/database/factories/UserFactory.php" timestamp="1568885138565">
        <mark key="[" line="18" column="37" />
        <mark key="]" line="18" column="37" />
        <mark key="." line="18" column="37" />
        <mark key="^" line="18" column="36" />
      </file>
      <file name="J:/hcl/mining/api/config/l5-swagger.php" timestamp="1568881759662">
        <mark key="[" line="133" column="9" />
        <mark key="]" line="133" column="11" />
        <mark key="." line="133" column="11" />
        <mark key="^" line="133" column="11" />
      </file>
      <file name="J:/hcl/mining/api/.env.example" timestamp="1568879118910">
        <mark key="[" line="18" column="0" />
        <mark key="]" line="18" column="0" />
        <mark key="^" line="17" column="14" />
        <mark key="." line="18" column="0" />
      </file>
      <file name="J:/hcl/mining/api/database/seeds/UserStorySeeder.php" timestamp="1568885498649">
        <mark key="[" line="21" column="27" />
        <mark key="]" line="21" column="37" />
        <mark key="." line="21" column="37" />
        <mark key="^" line="21" column="37" />
      </file>
      <file name="/Dummy.txt" timestamp="1568892008954">
        <mark key="[" line="0" column="0" />
        <mark key="]" line="0" column="0" />
        <mark key="." line="0" column="0" />
      </file>
      <file name="J:/hcl/mining/api/app/Http/Controllers/TestController.php" timestamp="1568878956314">
        <mark key="[" line="13" column="38" />
        <mark key="]" line="13" column="38" />
        <mark key="." line="13" column="38" />
        <mark key="^" line="13" column="38" />
      </file>
      <file name="J:/hcl/mining/api/app/Models/User.php" timestamp="1568886262011">
        <mark key="[" line="40" column="17" />
        <mark key="]" line="40" column="20" />
        <mark key="^" line="40" column="20" />
        <mark key="." line="40" column="20" />
      </file>
      <file name="J:/hcl/mining/api/vendor/nanqi/l5-api/src/Http/Controllers/Features/JWTAuthenticationTrait.php" timestamp="1568965637252">
        <mark key="[" line="32" column="0" />
        <mark key="]" line="32" column="0" />
        <mark key="." line="32" column="0" />
      </file>
      <file name="J:/hcl/mining/api/.env" timestamp="1568887774222">
        <mark key="[" line="12" column="14" />
        <mark key="]" line="12" column="25" />
        <mark key="." line="12" column="25" />
        <mark key="^" line="12" column="25" />
      </file>
    </filemarks>
    <jumps>
      <jump line="97" column="30" filename="J:/nanqi/ethereum-php/src/EtherscanApi.php" />
      <jump line="99" column="22" filename="J:/nanqi/ethereum-php/src/EtherscanApi.php" />
      <jump line="53" column="28" filename="F:/Project/myline/my2space-cms/Application/Admin/View/Account/detail.html" />
      <jump line="40" column="33" filename="J:/guojiang/code/quantumcloud/application/test/controller/Log.php" />
      <jump line="50" column="26" filename="J:/guojiang/code/quantumcloud/application/test/controller/Log.php" />
      <jump line="131" column="25" filename="J:/hcl/egm/timechain/storage/logs/laravel-2019-09-02.log" />
      <jump line="72" column="20" filename="J:/guojiang/code/quantumcloud/application/index/service/EthService.php" />
      <jump line="102" column="18" filename="J:/guojiang/code/quantumcloud/application/index/service/EthService.php" />
      <jump line="7" column="10" filename="J:/guojiang/code/quantumcloud/application/index/service/EthService.php" />
      <jump line="27" column="18" filename="J:/guojiang/code/quantumcloud/application/index/service/EthService.php" />
      <jump line="46" column="18" filename="J:/guojiang/code/quantumcloud/application/index/service/EthService.php" />
      <jump line="20" column="37" filename="J:/nanqi/learn/laravel-api/l5-api-boilerplate/database/factories/UserFactory.php" />
      <jump line="102" column="15" filename="J:/hcl/mining/api/routes/api.php" />
      <jump line="889" column="15" filename="J:/hcl/mining/api/vendor/laravel/framework/src/Illuminate/Database/Eloquent/Concerns/HasAttributes.php" />
      <jump line="58" column="15" filename="J:/hcl/mining/api/vendor/laravel/framework/src/Illuminate/Database/Eloquent/Concerns/HasAttributes.php" />
      <jump line="878" column="22" filename="J:/hcl/mining/api/vendor/laravel/framework/src/Illuminate/Database/Eloquent/Concerns/HasAttributes.php" />
      <jump line="124" column="99" filename="J:/hcl/mining/api/storage/logs/laravel-2019-09-18.log" />
      <jump line="0" column="0" filename="J:/hcl/mining/api/storage/logs/laravel-2019-09-18.log" />
      <jump line="34" column="24" filename="J:/hcl/mining/api/app/Http/Middleware/ApiSignature.php" />
      <jump line="32" column="38" filename="J:/hcl/mining/api/app/Providers/AuthServiceProvider.php" />
      <jump line="320" column="19" filename="J:/hcl/mining/api/storage/logs/laravel-2019-09-18.log" />
      <jump line="31" column="33" filename="J:/hcl/mining/api/app/Providers/AuthServiceProvider.php" />
      <jump line="9" column="56" filename="J:/hcl/mining/api/resources/views/sign_check.blade.php" />
      <jump line="16" column="20" filename="J:/hcl/mining/api/app/Http/Controllers/TestController.php" />
      <jump line="17" column="12" filename="J:/hcl/mining/api/app/Http/Controllers/TestController.php" />
      <jump line="38" column="11" filename="J:/hcl/mining/api/app/Http/Middleware/ApiSignature.php" />
    </jumps>
    <registers>
      <register name="&quot;" type="4">
        <text encoding="base64">YXV0aCgpLT5mYWN0b3J5KCktPmdldFRUTCgpOw==</text>
      </register>
      <register name="-" type="4">
        <text encoding="base64">YXV0aCgpLT5mYWN0b3J5KCktPmdldFRUTCgpOw==</text>
      </register>
      <register name="/" type="4">
        <text encoding="base64">XDxkYXRlRm9ybWF0XD4=</text>
      </register>
      <register name="0" type="2">
        <text encoding="base64">ICogICAgICksCg==</text>
      </register>
      <register name="1" type="2">
        <text encoding="base64">ICogICAgICksCg==</text>
      </register>
      <register name="2" type="2">
        <text encoding="base64">ICogICAgICAgICBkZXNjcmlwdGlvbj0ixOrB5CIK</text>
      </register>
      <register name="3" type="2">
        <text encoding="base64">ICogICAgICAgICB0eXBlPSJpbnRlZ2VyIiwK</text>
      </register>
      <register name="4" type="2">
        <text encoding="base64">ICogICAgICAgICBwcm9wZXJ0eT0iYWdlIiwK</text>
      </register>
      <register name="5" type="2">
        <text encoding="base64">ICogICAgIEBPQVxQcm9wZXJ0eSgK</text>
      </register>
      <register name="6" type="2">
        <text encoding="base64">ICogfQo=</text>
      </register>
      <register name="7" type="2">
        <text encoding="base64">ICAgIH0K</text>
      </register>
      <register name="8" type="2">
        <text encoding="base64">Cg==</text>
      </register>
      <register name="9" type="2">
        <text encoding="base64">ICAgIHsK</text>
      </register>
      <register name=":" type="4">
        <text>w</text>
      </register>
    </registers>
    <search>
      <last-search encoding="base64">XDxkYXRlRm9ybWF0XD4=</last-search>
      <last-offset />
      <last-pattern encoding="base64">XDxkYXRlRm9ybWF0XD4=</last-pattern>
      <last-replace>~</last-replace>
      <last-substitute encoding="base64">XDxkYXRlRm9ybWF0XD4=</last-substitute>
      <last-dir>1</last-dir>
      <show-last>false</show-last>
    </search>
    <history>
      <history-search>
        <entry encoding="base64">XDxDb25zb2xlXD4=</entry>
        <entry encoding="base64">XDxkYXRlRm9ybWF0XD4=</entry>
      </history-search>
      <history-cmd>
        <entry>w</entry>
      </history-cmd>
      <history-expr />
      <history-input />
    </history>
    <shortcut-conflicts>
      <shortcut-conflict owner="vim">
        <text>ctrl pressed S</text>
      </shortcut-conflict>
      <shortcut-conflict owner="ide">
        <text>ctrl pressed V</text>
      </shortcut-conflict>
      <shortcut-conflict owner="ide">
        <text>ctrl pressed C</text>
      </shortcut-conflict>
      <shortcut-conflict owner="ide">
        <text>ctrl pressed X</text>
      </shortcut-conflict>
      <shortcut-conflict owner="ide">
        <text>ctrl pressed W</text>
      </shortcut-conflict>
      <shortcut-conflict owner="vim">
        <text>ctrl pressed CLOSE_BRACKET</text>
      </shortcut-conflict>
      <shortcut-conflict owner="vim">
        <text>ctrl pressed D</text>
      </shortcut-conflict>
      <shortcut-conflict owner="ide">
        <text>ctrl pressed P</text>
      </shortcut-conflict>
      <shortcut-conflict owner="ide">
        <text>ctrl pressed F</text>
      </shortcut-conflict>
      <shortcut-conflict owner="ide">
        <text>ctrl pressed T</text>
      </shortcut-conflict>
      <shortcut-conflict owner="ide">
        <text>ctrl pressed G</text>
      </shortcut-conflict>
      <shortcut-conflict owner="vim">
        <text>ctrl pressed I</text>
      </shortcut-conflict>
      <shortcut-conflict owner="ide">
        <text>ctrl pressed A</text>
      </shortcut-conflict>
    </shortcut-conflicts>
  </component>
</application>